Entity,Code,Year,"Literacy rate, youth male (% of males ages 15-24)","Literacy rate, youth female (% of females ages 15-24)"
Afghanistan,AFG,1979,45.7960205078125,11.142800331115723
Afghanistan,AFG,2011,61.87907028198242,32.11322021484375
Afghanistan,AFG,2021,71.24394226074219,41.593719482421875
Albania,ALB,2001,99.36846160888672,99.49807739257812
Albania,ALB,2008,98.53711700439453,99.12132263183594
Albania,ALB,2011,98.73136138916016,98.85623931884766
Albania,ALB,2012,99.3759765625,99.02018737792969
Albania,ALB,2018,99.05000305175781,99.62999725341797
Algeria,DZA,1987,86.23008728027344,62.21147918701172
Algeria,DZA,2002,94.05754089355469,86.13398742675781
Algeria,DZA,2006,94.38147735595703,89.13823699951172
Algeria,DZA,2008,95.74706268310547,91.73992919921875
Algeria,DZA,2018,97.59406280517578,97.25215911865234
American Samoa,ASM,1980,97.88861846923828,97.44364929199219
Angola,AGO,2001,83.77693176269531,63.18212127685547
Angola,AGO,2014,84.86238098144531,70.58512878417969
Argentina,ARG,1980,96.45922088623047,97.30248260498047
Argentina,ARG,1991,98.06549072265625,98.54020690917969
Argentina,ARG,2001,98.70790100097656,99.12767028808594
Argentina,ARG,2006,99.38613891601562,99.50357055664062
Argentina,ARG,2009,99.47492218017578,99.69673156738281
Argentina,ARG,2010,99.01219940185547,99.58866882324219
Argentina,ARG,2011,99.54524993896484,99.7114486694336
Argentina,ARG,2012,99.14453125,99.6142807006836
Argentina,ARG,2013,99.51033782958984,99.5981216430664
Argentina,ARG,2014,99.19586944580078,99.40239715576172
Argentina,ARG,2015,99.4833984375,99.64350128173828
Argentina,ARG,2016,99.38448333740234,99.6289291381836
Argentina,ARG,2018,99.24182891845703,99.75765228271484
Armenia,ARM,1989,99.90937042236328,99.91056823730469
Armenia,ARM,2001,99.75234985351562,99.8616714477539
Armenia,ARM,2011,99.81842041015625,99.87619018554688
Armenia,ARM,2017,99.82128143310547,99.87416076660156
Armenia,ARM,2020,99.85205841064453,99.8973617553711
Aruba,ABW,2000,98.88175964355469,99.16636657714844
Aruba,ABW,2010,98.96572875976562,99.3230972290039
Aruba,ABW,2018,99.5999984741211,99.38999938964844
Azerbaijan,AZE,1999,99.8703384399414,99.9014892578125
Azerbaijan,AZE,2007,99.98931121826172,99.98896789550781
Azerbaijan,AZE,2009,99.95677947998047,99.94579315185547
Azerbaijan,AZE,2010,99.96745300292969,99.9333267211914
Azerbaijan,AZE,2011,99.9560317993164,99.9317626953125
Azerbaijan,AZE,2012,99.95500183105469,99.91767120361328
Azerbaijan,AZE,2013,99.97686767578125,99.92669677734375
Azerbaijan,AZE,2014,99.97624206542969,99.9363784790039
Azerbaijan,AZE,2015,99.96366882324219,99.92011260986328
Azerbaijan,AZE,2016,99.9623794555664,99.9164810180664
Azerbaijan,AZE,2017,99.96064758300781,99.9131088256836
Azerbaijan,AZE,2019,99.95867156982422,99.90618896484375
Bahrain,BHR,1981,89.69037628173828,82.07742309570312
Bahrain,BHR,1991,97.2586669921875,96.57877349853516
Bahrain,BHR,2001,96.82707977294922,97.2506103515625
Bahrain,BHR,2010,95.68428802490234,95.12418365478516
Bangladesh,BGD,1981,44.362159729003906,27.151010513305664
Bangladesh,BGD,1991,51.73672866821289,37.989749908447266
Bangladesh,BGD,2001,67.16381072998047,60.256229400634766
Bangladesh,BGD,2007,54.274330139160156,67.48857116699219
Bangladesh,BGD,2011,76.40339660644531,79.54448699951172
Bangladesh,BGD,2012,76.27631378173828,79.36920166015625
Bangladesh,BGD,2013,84.09449768066406,86.92578887939453
Bangladesh,BGD,2014,84.62867736816406,86.48066711425781
Bangladesh,BGD,2015,86.18795013427734,89.5350570678711
Bangladesh,BGD,2016,90.90534973144531,93.53531646728516
Bangladesh,BGD,2017,91.54129028320312,94.37776184082031
Bangladesh,BGD,2018,91.80371856689453,94.91259002685547
Bangladesh,BGD,2019,93.70469665527344,96.08776092529297
Bangladesh,BGD,2020,93.16416931152344,95.85874938964844
Barbados,BRB,1970,99.72039031982422,99.80000305175781
Barbados,BRB,1984,99.91999816894531,99.9000015258789
Barbados,BRB,1994,99.91999816894531,99.9000015258789
Barbados,BRB,2004,99.91999816894531,99.9000015258789
Barbados,BRB,2014,99.91999816894531,99.9000015258789
Belarus,BLR,1989,99.73197937011719,99.800537109375
Belarus,BLR,1999,99.75686645507812,99.82820892333984
Belarus,BLR,2009,99.80033111572266,99.8473892211914
Belarus,BLR,2019,99.84712982177734,99.89983367919922
Belize,BLZ,1991,77.26168823242188,78.01631927490234
Belize,BLZ,2000,83.8961181640625,84.54234313964844
Benin,BEN,1979,45.71063995361328,18.25518035888672
Benin,BEN,1992,55.130218505859375,26.690290451049805
Benin,BEN,2002,59.205078125,33.237998962402344
Benin,BEN,2006,54.866939544677734,30.786550521850586
Benin,BEN,2012,63.940921783447266,40.93838119506836
Benin,BEN,2018,69.76117706298828,51.94361877441406
Bhutan,BTN,2005,80.04192352294922,67.9642562866211
Bhutan,BTN,2012,90.39581298828125,82.17903900146484
Bhutan,BTN,2017,93.27015686035156,92.89112091064453
Bolivia,BOL,1976,91.4681396484375,75.84014129638672
Bolivia,BOL,1992,96.31841278076172,91.56597900390625
Bolivia,BOL,2001,98.5492935180664,96.11461639404297
Bolivia,BOL,2007,99.75360870361328,99.14457702636719
Bolivia,BOL,2008,99.39022827148438,98.87940979003906
Bolivia,BOL,2009,99.69364166259766,99.08429718017578
Bolivia,BOL,2011,99.24662780761719,98.77201843261719
Bolivia,BOL,2012,99.1624526977539,98.82861328125
Bolivia,BOL,2015,99.3940200805664,99.40421295166016
Bosnia and Herzegovina,BIH,1991,99.28543853759766,98.73545837402344
Bosnia and Herzegovina,BIH,2000,99.74819946289062,99.8436279296875
Bosnia and Herzegovina,BIH,2011,99.75125122070312,99.15043640136719
Bosnia and Herzegovina,BIH,2013,99.65765380859375,99.66747283935547
Botswana,BWA,1991,85.90007019042969,92.25187683105469
Botswana,BWA,2003,92.08331298828125,95.59602355957031
Botswana,BWA,2013,95.75475311279297,99.13954162597656
Brazil,BRA,1980,82.5567626953125,85.2365493774414
Brazil,BRA,2000,92.65400695800781,95.7190170288086
Brazil,BRA,2004,95.78388977050781,97.90386199951172
Brazil,BRA,2006,96.7969970703125,98.36165618896484
Brazil,BRA,2007,97.05687713623047,98.55943298339844
Brazil,BRA,2008,97.18045806884766,98.53111267089844
Brazil,BRA,2009,97.44571685791016,98.6920394897461
Brazil,BRA,2010,96.71617126464844,98.31874084472656
Brazil,BRA,2011,97.90998840332031,99.07315063476562
Brazil,BRA,2012,98.22743225097656,99.02082061767578
Brazil,BRA,2013,98.25203704833984,99.22972106933594
Brazil,BRA,2014,98.44696807861328,99.25031280517578
Brazil,BRA,2015,98.59586334228516,99.3467025756836
Brazil,BRA,2016,98.77935791015625,99.45532989501953
Brazil,BRA,2017,98.84127807617188,99.48133850097656
Brazil,BRA,2018,98.98358154296875,99.43153381347656
Brunei,BRN,1981,94.06430053710938,93.23892211914062
Brunei,BRN,1991,98.10690307617188,98.08379364013672
Brunei,BRN,2001,98.87429809570312,98.91217041015625
Brunei,BRN,2011,99.19989013671875,99.54605865478516
Brunei,BRN,2018,99.63516235351562,99.78965759277344
Bulgaria,BGR,2001,98.3096694946289,98.10977172851562
Bulgaria,BGR,2011,98.06693267822266,97.65106201171875
Burkina Faso,BFA,1975,22.37713050842285,6.664060115814209
Burkina Faso,BFA,1991,26.788799285888672,14.173749923706055
Burkina Faso,BFA,1996,25.478260040283203,13.985340118408203
Burkina Faso,BFA,2003,38.38108825683594,24.811370849609375
Burkina Faso,BFA,2005,40.37981033325195,26.482900619506836
Burkina Faso,BFA,2006,39.821868896484375,26.534120559692383
Burkina Faso,BFA,2007,46.733741760253906,33.12532043457031
Burkina Faso,BFA,2014,56.99488830566406,43.9858283996582
Burkina Faso,BFA,2018,63.8619499206543,54.45066833496094
Burundi,BDI,1979,40.93199157714844,21.486860275268555
Burundi,BDI,1990,59.497840881347656,48.011260986328125
Burundi,BDI,2000,76.78002166748047,70.36530303955078
Burundi,BDI,2008,66.61450958251953,57.32102966308594
Burundi,BDI,2014,85.29007720947266,74.95890808105469
Burundi,BDI,2017,91.03414916992188,85.6185531616211
Cambodia,KHM,1998,81.8462905883789,71.07158660888672
Cambodia,KHM,2004,87.92011260986328,78.89600372314453
Cambodia,KHM,2008,89.38368225097656,85.5345687866211
Cambodia,KHM,2009,88.35611724853516,85.85159301757812
Cambodia,KHM,2014,89.92460632324219,90.37226104736328
Cambodia,KHM,2015,91.86412048339844,92.57328033447266
Cameroon,CMR,1976,79.5916519165039,59.06317901611328
Cameroon,CMR,2000,88.42244720458984,77.96248626708984
Cameroon,CMR,2007,89.41732025146484,77.48204803466797
Cameroon,CMR,2010,85.39747619628906,76.42092895507812
Cameroon,CMR,2018,87.72000122070312,82.41000366210938
Cape Verde,CPV,1990,89.94896697998047,86.41509246826172
Cape Verde,CPV,2000,95.11000061035156,96.62999725341797
Cape Verde,CPV,2012,97.87188720703125,98.39817810058594
Cape Verde,CPV,2015,97.58500671386719,98.73017883300781
Cayman Islands,CYM,2007,99.1423110961914,98.62332916259766
Central African Republic,CAF,1975,56.258758544921875,20.338359832763672
Central African Republic,CAF,1988,62.56145095825195,34.851749420166016
Central African Republic,CAF,2000,72.5947494506836,49.01934814453125
Central African Republic,CAF,2010,48.85710144042969,26.971330642700195
Central African Republic,CAF,2018,47.804931640625,28.7066593170166
Chad,TCD,1993,26.24622917175293,8.945839881896973
Chad,TCD,2000,55.68619918823242,23.23539924621582
Chad,TCD,2004,53.708229064941406,30.77490997314453
Chad,TCD,2015,51.836299896240234,25.993619918823242
Chad,TCD,2016,40.69289016723633,22.387149810791016
Chile,CHL,1982,96.18222045898438,97.11653137207031
Chile,CHL,1992,98.15644836425781,98.70085906982422
Chile,CHL,2002,98.80364227294922,99.18334197998047
Chile,CHL,2008,99.11451721191406,99.19580841064453
Chile,CHL,2009,98.85938262939453,98.89002227783203
Chile,CHL,2011,99.21439361572266,99.6053695678711
Chile,CHL,2013,99.00978088378906,99.0869369506836
Chile,CHL,2015,99.26753997802734,99.44055938720703
Chile,CHL,2017,99.00582122802734,99.01155853271484
China,CHN,1982,95.20854187011719,82.0992202758789
China,CHN,1990,96.9769287109375,91.45469665527344
China,CHN,2000,99.1984634399414,98.5048599243164
China,CHN,2010,99.68962097167969,99.5930404663086
China,CHN,2018,99.7837905883789,99.78337860107422
Colombia,COL,1993,94.64456939697266,96.28144073486328
Colombia,COL,1996,96.38511657714844,97.56674194335938
Colombia,COL,2004,97.55252075195312,98.41068267822266
Colombia,COL,2005,97.51702880859375,98.37487030029297
Colombia,COL,2006,97.53366088867188,98.19490814208984
Colombia,COL,2007,97.48287963867188,98.41899871826172
Colombia,COL,2008,97.54666137695312,98.42687225341797
Colombia,COL,2009,97.44113159179688,98.43472290039062
Colombia,COL,2010,97.6827163696289,98.51719665527344
Colombia,COL,2011,97.76046752929688,98.7243423461914
Colombia,COL,2014,98.1067123413086,98.97284698486328
Colombia,COL,2015,98.15518188476562,98.91533660888672
Colombia,COL,2016,98.31204223632812,99.0252685546875
Colombia,COL,2018,98.63382720947266,99.0696029663086
Colombia,COL,2019,98.49855041503906,99.15569305419922
Colombia,COL,2020,98.72786712646484,99.29405975341797
Comoros,COM,1980,69.35772705078125,54.89904022216797
Comoros,COM,2000,83.95133209228516,77.5576171875
Comoros,COM,2012,73.8107681274414,69.59522247314453
Comoros,COM,2018,78.23941040039062,78.30236053466797
Congo,COG,1984,92.42301177978516,82.82720184326172
Congo,COG,2005,88.25051879882812,70.5433120727539
Congo,COG,2011,85.68360900878906,76.94608306884766
Congo,COG,2018,85.3416519165039,78.7423095703125
Costa Rica,CRI,1984,96.7545166015625,97.53813171386719
Costa Rica,CRI,2000,97.1974868774414,98.03840637207031
Costa Rica,CRI,2011,99.00768280029297,99.25811767578125
Costa Rica,CRI,2018,99.33999633789062,99.52999877929688
Cote d'Ivoire,CIV,1988,59.9322509765625,37.84593963623047
Cote d'Ivoire,CIV,1998,54.40312957763672,39.849090576171875
Cote d'Ivoire,CIV,2000,70.8407211303711,52.12517166137695
Cote d'Ivoire,CIV,2012,58.3326301574707,38.75008010864258
Cote d'Ivoire,CIV,2014,59.124351501464844,47.03974914550781
Cote d'Ivoire,CIV,2019,92.8201904296875,76.41313934326172
Croatia,HRV,1991,99.66618347167969,99.60440063476562
Croatia,HRV,2001,99.64425659179688,99.65321350097656
Croatia,HRV,2011,99.71204376220703,99.7357177734375
Cuba,CUB,2002,99.95741271972656,99.95368957519531
Cuba,CUB,2012,99.85527038574219,99.89520263671875
Cyprus,CYP,1992,99.57991027832031,99.66419982910156
Cyprus,CYP,2001,99.73631286621094,99.81523895263672
Cyprus,CYP,2011,99.8045425415039,99.83831024169922
Democratic Republic of Congo,COD,2001,77.98110961914062,63.0906982421875
Democratic Republic of Congo,COD,2007,78.93641662597656,53.250221252441406
Democratic Republic of Congo,COD,2012,91.04756164550781,76.65850067138672
Democratic Republic of Congo,COD,2016,90.96096801757812,79.71484375
Dominican Republic,DOM,1981,81.25730895996094,83.93852996826172
Dominican Republic,DOM,2002,92.99864196777344,95.41705322265625
Dominican Republic,DOM,2007,94.62721252441406,96.93073272705078
Dominican Republic,DOM,2010,95.77529907226562,97.88349151611328
Dominican Republic,DOM,2011,96.09187316894531,98.05374908447266
Dominican Republic,DOM,2012,96.32186889648438,97.76923370361328
Dominican Republic,DOM,2013,96.76270294189453,98.25251770019531
Dominican Republic,DOM,2014,97.35356140136719,98.04480743408203
Dominican Republic,DOM,2015,97.22538757324219,98.03096008300781
Dominican Republic,DOM,2016,98.81259155273438,98.86737060546875
East Asia and Pacific,,1976,92.17466735839844,75.98359680175781
East Asia and Pacific,,1977,92.24237060546875,76.19580078125
East Asia and Pacific,,1978,92.76886749267578,77.92755126953125
East Asia and Pacific,,1979,93.23928833007812,79.68464660644531
East Asia and Pacific,,1980,93.65512084960938,81.4105224609375
East Asia and Pacific,,1981,93.99305725097656,82.8891830444336
East Asia and Pacific,,1982,94.30667114257812,84.47541809082031
East Asia and Pacific,,1983,94.52117156982422,85.23188018798828
East Asia and Pacific,,1984,94.76936340332031,86.25691986083984
East Asia and Pacific,,1985,94.98229217529297,87.18705749511719
East Asia and Pacific,,1986,95.13907623291016,87.98515319824219
East Asia and Pacific,,1987,95.98634338378906,89.4574203491211
East Asia and Pacific,,1988,96.4052963256836,91.48798370361328
East Asia and Pacific,,1989,96.40341186523438,91.77983093261719
East Asia and Pacific,,1990,96.40087127685547,92.05692291259766
East Asia and Pacific,,1991,96.41641998291016,92.37525177001953
East Asia and Pacific,,1992,96.43972778320312,92.68419647216797
East Asia and Pacific,,1993,96.4557876586914,92.95612335205078
East Asia and Pacific,,1994,96.57063293457031,93.35762023925781
East Asia and Pacific,,1995,96.69657897949219,93.76447296142578
East Asia and Pacific,,1996,96.7997817993164,94.07540130615234
East Asia and Pacific,,1997,98.02371215820312,96.95105743408203
East Asia and Pacific,,1998,98.0376968383789,97.06340789794922
East Asia and Pacific,,1999,98.0571517944336,97.21118927001953
East Asia and Pacific,,2000,98.1010513305664,97.23615264892578
East Asia and Pacific,,2001,98.09697723388672,97.36097717285156
East Asia and Pacific,,2002,98.14666748046875,97.49852752685547
East Asia and Pacific,,2003,98.22425079345703,97.7278823852539
East Asia and Pacific,,2004,98.3332290649414,97.80979919433594
East Asia and Pacific,,2005,98.37821197509766,97.93115997314453
East Asia and Pacific,,2006,98.35491943359375,97.87429809570312
East Asia and Pacific,,2007,98.53048706054688,98.21836853027344
East Asia and Pacific,,2008,98.83751678466797,98.64508056640625
East Asia and Pacific,,2009,98.77877044677734,98.63931274414062
East Asia and Pacific,,2010,98.71942901611328,98.6084213256836
East Asia and Pacific,,2011,98.31903839111328,98.17965698242188
East Asia and Pacific,,2012,98.3458023071289,98.22477722167969
East Asia and Pacific,,2013,98.34432220458984,98.28495788574219
East Asia and Pacific,,2014,98.54444122314453,98.54534912109375
East Asia and Pacific,,2015,98.6208724975586,98.57089233398438
East Asia and Pacific,,2016,98.63005065917969,98.60688781738281
East Asia and Pacific,,2017,98.64759826660156,98.64508819580078
East Asia and Pacific,,2018,98.6378402709961,98.66493225097656
East Asia and Pacific,,2019,98.66912841796875,98.7114486694336
East Asia and Pacific,,2020,98.69584655761719,98.7509765625
East Timor,TLS,2010,80.48976135253906,78.56844329833984
East Timor,TLS,2018,82.45848083496094,84.6505126953125
Ecuador,ECU,1982,94.5548095703125,92.2789306640625
Ecuador,ECU,1990,96.57576751708984,95.833251953125
Ecuador,ECU,2001,96.37940216064453,96.49344635009766
Ecuador,ECU,2007,98.22691345214844,98.56421661376953
Ecuador,ECU,2008,98.43286895751953,98.4751968383789
Ecuador,ECU,2009,98.72151947021484,98.88308715820312
Ecuador,ECU,2010,98.4688720703125,98.8541030883789
Ecuador,ECU,2011,98.58650207519531,98.8053207397461
Ecuador,ECU,2012,98.77316284179688,98.89453887939453
Ecuador,ECU,2013,98.57940673828125,98.63247680664062
Ecuador,ECU,2014,99.0107421875,99.18692779541016
Ecuador,ECU,2015,99.33717346191406,98.91229248046875
Ecuador,ECU,2016,98.97920227050781,99.13691711425781
Ecuador,ECU,2017,99.10981750488281,99.40242004394531
Ecuador,ECU,2020,98.49575805664062,99.09053802490234
Egypt,EGY,1976,63.040679931640625,38.12263870239258
Egypt,EGY,1986,71.38067626953125,54.004661560058594
Egypt,EGY,1996,78.9908676147461,66.9315414428711
Egypt,EGY,2005,90.07911682128906,78.77517700195312
Egypt,EGY,2006,87.85679626464844,81.75144958496094
Egypt,EGY,2010,90.55763244628906,84.30693054199219
Egypt,EGY,2012,92.35575866699219,86.05158996582031
Egypt,EGY,2013,93.64927673339844,90.32540130615234
Egypt,EGY,2017,89.48338317871094,86.810546875
El Salvador,SLV,1992,84.94525909423828,84.94789123535156
El Salvador,SLV,2006,94.3968734741211,95.45333862304688
El Salvador,SLV,2007,93.21922302246094,93.88948822021484
El Salvador,SLV,2008,95.4050064086914,96.48330688476562
El Salvador,SLV,2009,94.70805358886719,95.32356262207031
El Salvador,SLV,2010,95.66903686523438,96.3857421875
El Salvador,SLV,2011,96.15055847167969,96.94589233398438
El Salvador,SLV,2013,96.94699096679688,97.50019073486328
El Salvador,SLV,2015,97.46196746826172,98.4337387084961
El Salvador,SLV,2016,97.72319793701172,98.27871704101562
El Salvador,SLV,2017,97.79969787597656,98.14964294433594
El Salvador,SLV,2018,97.72744750976562,98.21067810058594
El Salvador,SLV,2019,97.97557067871094,98.68683624267578
Equatorial Guinea,GNQ,2000,97.60790252685547,96.62423706054688
Equatorial Guinea,GNQ,2010,97.69075775146484,98.29817199707031
Eritrea,ERI,2002,86.25321960449219,69.4833984375
Eritrea,ERI,2008,91.28661346435547,82.57652282714844
Eritrea,ERI,2018,93.81867980957031,92.71402740478516
Estonia,EST,1989,99.83402252197266,99.90450286865234
Estonia,EST,2000,99.7291030883789,99.81336212158203
Estonia,EST,2011,99.93923950195312,99.95903778076172
Eswatini,SWZ,1976,76.08307647705078,74.97966003417969
Eswatini,SWZ,1986,83.08648681640625,84.29759979248047
Eswatini,SWZ,2000,90.69415283203125,92.94364166259766
Eswatini,SWZ,2010,92.18742370605469,94.74848937988281
Eswatini,SWZ,2018,94.29769134521484,96.69525146484375
Ethiopia,ETH,1994,39.28866958618164,28.080169677734375
Ethiopia,ETH,2004,62.20000076293945,38.5
Ethiopia,ETH,2005,55.88473892211914,33.29975128173828
Ethiopia,ETH,2007,62.97092819213867,47.04113006591797
Ethiopia,ETH,2017,73.52072143554688,71.9725112915039
Europe and Central Asia,,1990,99.30380249023438,98.60253143310547
Europe and Central Asia,,1991,99.31198120117188,98.6359634399414
Europe and Central Asia,,1992,99.12547302246094,98.5907974243164
Europe and Central Asia,,1993,99.13117980957031,98.63207244873047
Europe and Central Asia,,1994,99.13668060302734,98.67208099365234
Europe and Central Asia,,1995,99.14167785644531,98.7110824584961
Europe and Central Asia,,1996,99.14967346191406,98.75184631347656
Europe and Central Asia,,1997,99.1562728881836,98.7918930053711
Europe and Central Asia,,1998,99.12451171875,98.81033325195312
Europe and Central Asia,,1999,99.10157775878906,98.82344055175781
Europe and Central Asia,,2000,99.24286651611328,98.79412078857422
Europe and Central Asia,,2001,99.26232147216797,98.8331527709961
Europe and Central Asia,,2002,99.3211669921875,98.88275146484375
Europe and Central Asia,,2003,99.3184585571289,98.90184020996094
Europe and Central Asia,,2004,99.30531311035156,98.90978240966797
Europe and Central Asia,,2005,99.37529754638672,99.00933074951172
Europe and Central Asia,,2006,99.3543472290039,98.998291015625
Europe and Central Asia,,2007,99.40141296386719,99.05977630615234
Europe and Central Asia,,2008,99.38723754882812,99.04833221435547
Europe and Central Asia,,2009,99.52481079101562,99.30609130859375
Europe and Central Asia,,2010,99.556640625,99.38404083251953
Europe and Central Asia,,2011,99.56067657470703,99.43865966796875
Europe and Central Asia,,2012,99.58680725097656,99.48561096191406
Europe and Central Asia,,2013,99.61131286621094,99.52078247070312
Europe and Central Asia,,2014,99.63494110107422,99.55206298828125
Europe and Central Asia,,2015,99.63899993896484,99.57978057861328
Europe and Central Asia,,2016,99.66806030273438,99.61495208740234
Europe and Central Asia,,2017,99.67359924316406,99.64457702636719
Europe and Central Asia,,2018,99.68351745605469,99.65892028808594
Europe and Central Asia,,2019,99.6957778930664,99.67472076416016
Europe and Central Asia,,2020,99.70664978027344,99.68697357177734
Gabon,GAB,1993,94.40754699707031,92.11402130126953
Gabon,GAB,2012,87.38958740234375,89.42925262451172
Gabon,GAB,2018,88.14196014404297,91.44937896728516
Gambia,GMB,2000,64.34049224853516,41.39434051513672
Gambia,GMB,2013,65.97576141357422,56.12097930908203
Gambia,GMB,2015,70.74347686767578,64.44683074951172
Georgia,GEO,2002,99.78848266601562,99.86235809326172
Georgia,GEO,2014,99.67771911621094,99.72914123535156
Georgia,GEO,2017,99.76824951171875,99.49365234375
Georgia,GEO,2019,99.72337341308594,99.68219757080078
Ghana,GHA,2000,75.9458999633789,65.48870849609375
Ghana,GHA,2010,88.31075286865234,83.23452758789062
Ghana,GHA,2018,92.76100158691406,92.20854949951172
Greece,GRC,1981,99.04805755615234,98.88445281982422
Greece,GRC,1991,98.9884262084961,98.97937774658203
Greece,GRC,2001,98.89446258544922,98.99115753173828
Greece,GRC,2005,99.53356170654297,99.5248031616211
Greece,GRC,2007,99.4452133178711,99.67996215820312
Greece,GRC,2009,99.5122299194336,99.4697265625
Greece,GRC,2011,98.72913360595703,98.906982421875
Greece,GRC,2018,99.26000213623047,99.06999969482422
Grenada,GRD,1970,98.8453598022461,99.07742309570312
Grenada,GRD,1984,98.94999694824219,99.5
Grenada,GRD,1994,98.94999694824219,99.5
Grenada,GRD,2004,98.94999694824219,99.5
Grenada,GRD,2014,98.94999694824219,99.5
Guam,GUM,1980,95.35726165771484,95.90540313720703
Guam,GUM,1990,99.9000015258789,99.84761810302734
Guatemala,GTM,1994,81.72106170654297,70.72151184082031
Guatemala,GTM,2002,86.37877655029297,78.39067840576172
Guatemala,GTM,2012,95.4664077758789,91.94236755371094
Guatemala,GTM,2013,94.18228149414062,89.77037048339844
Guatemala,GTM,2014,95.48185729980469,93.26924896240234
Guatemala,GTM,2018,95.37834167480469,93.86511993408203
Guinea,GIN,1996,44.12004852294922,13.472800254821777
Guinea,GIN,2003,59.462371826171875,34.06903839111328
Guinea,GIN,2010,37.5671501159668,21.796730041503906
Guinea,GIN,2014,56.97050857543945,37.21017837524414
Guinea,GIN,2018,69.639892578125,43.469181060791016
Guinea-Bissau,GNB,1979,59.69437026977539,17.803470611572266
Guinea-Bissau,GNB,2000,74.80123901367188,45.903648376464844
Guinea-Bissau,GNB,2014,71.25032806396484,49.75632095336914
Guyana,GUY,2009,92.42121124267578,93.67021942138672
Guyana,GUY,2014,96.33186340332031,97.0370101928711
Haiti,HTI,1982,51.261348724365234,51.05302047729492
Haiti,HTI,2003,82.6573715209961,80.689453125
Haiti,HTI,2006,74.3674087524414,70.48078155517578
Haiti,HTI,2016,83.35350036621094,82.63482666015625
Honduras,HND,2001,86.8909912109375,90.91031646728516
Honduras,HND,2007,92.69525909423828,95.05452728271484
Honduras,HND,2010,94.44801330566406,95.87750244140625
Honduras,HND,2011,94.9315414428711,96.92601013183594
Honduras,HND,2012,94.0028305053711,95.98721313476562
Honduras,HND,2013,93.85073852539062,96.2985610961914
Honduras,HND,2014,95.04737091064453,96.2922592163086
Honduras,HND,2015,94.99324798583984,96.9996109008789
Honduras,HND,2016,94.9451904296875,97.24561309814453
Honduras,HND,2018,94.8919906616211,98.18509674072266
Honduras,HND,2019,94.8431167602539,97.28868103027344
Hungary,HUN,1980,99.42166137695312,99.31812286376953
Hungary,HUN,2014,98.69000244140625,99
India,IND,1981,66.31487274169922,40.3215217590332
India,IND,1991,73.50971984863281,49.34918975830078
India,IND,2001,84.1922378540039,67.74658203125
India,IND,2006,88.4118423461914,74.35572814941406
India,IND,2011,90.04483032226562,81.84980773925781
India,IND,2018,92.99297332763672,90.1694107055664
Indonesia,IDN,1980,89.5912094116211,81.64839935302734
Indonesia,IDN,1990,97.40226745605469,95.06925201416016
Indonesia,IDN,2004,98.86708068847656,98.54216003417969
Indonesia,IDN,2006,97.02747344970703,96.2723617553711
Indonesia,IDN,2008,99.53748321533203,99.38240814208984
Indonesia,IDN,2009,99.55003356933594,99.39659118652344
Indonesia,IDN,2011,98.80384063720703,98.75180053710938
Indonesia,IDN,2014,99.68155670166016,99.6788330078125
Indonesia,IDN,2015,99.7017593383789,99.63701629638672
Indonesia,IDN,2016,99.6834487915039,99.65351104736328
Indonesia,IDN,2018,99.71748352050781,99.69625091552734
Indonesia,IDN,2020,99.77767181396484,99.78144836425781
Iran,IRN,1976,70.9001693725586,42.32780075073242
Iran,IRN,1986,84.52607727050781,65.59266662597656
Iran,IRN,1991,92.43550109863281,81.20099639892578
Iran,IRN,1996,95.5168228149414,90.55661010742188
Iran,IRN,2005,98.10997772216797,96.737548828125
Iran,IRN,2006,97.14547729492188,96.13214874267578
Iran,IRN,2008,98.25652313232422,97.46597290039062
Iran,IRN,2012,98.33392333984375,97.66178894042969
Iran,IRN,2013,98.10901641845703,97.43798065185547
Iran,IRN,2014,98.19154357910156,97.67816925048828
Iran,IRN,2016,98.2679672241211,97.92513275146484
Iraq,IRQ,2000,88.91217041015625,80.48683166503906
Iraq,IRQ,2012,87.30000305175781,79.4000015258789
Iraq,IRQ,2013,82.4000015258789,75.9000015258789
Iraq,IRQ,2014,91.9000015258789,85.5
Iraq,IRQ,2016,93.4000015258789,88.30000305175781
Iraq,IRQ,2017,94.9000015258789,92.0999984741211
Israel,ISR,1983,99.05457305908203,98.04602813720703
Italy,ITA,1981,99.69759368896484,99.58748626708984
Italy,ITA,2001,99.8044662475586,99.82010650634766
Italy,ITA,2011,99.85102844238281,99.86869812011719
Italy,ITA,2018,99.91999816894531,99.94999694824219
Jamaica,JAM,1999,87.31139373779297,96.29551696777344
Jamaica,JAM,2014,93.86000061035156,98.80000305175781
Jordan,JOR,1979,95.7921371459961,84.8327865600586
Jordan,JOR,2003,99.32878875732422,98.9133071899414
Jordan,JOR,2005,98.93099975585938,99.02348327636719
Jordan,JOR,2007,98.95204162597656,98.94657135009766
Jordan,JOR,2010,98.75872802734375,98.76634979248047
Jordan,JOR,2011,99.05082702636719,99.25321960449219
Jordan,JOR,2012,99.00203704833984,99.20272827148438
Jordan,JOR,2018,99.19612121582031,99.49391174316406
Kazakhstan,KAZ,1989,99.69770812988281,99.14946746826172
Kazakhstan,KAZ,1999,99.81603240966797,99.87470245361328
Kazakhstan,KAZ,2009,99.80390930175781,99.8651123046875
Kazakhstan,KAZ,2010,99.94013977050781,99.85090637207031
Kazakhstan,KAZ,2018,99.94013977050781,99.85090637207031
Kenya,KEN,2000,93.30951690673828,91.94255065917969
Kenya,KEN,2007,83.2054214477539,81.632568359375
Kenya,KEN,2014,86.93869018554688,86.13652038574219
Kenya,KEN,2018,87.58999633789062,88.08000183105469
Kuwait,KWT,1975,77.69223022460938,66.0107192993164
Kuwait,KWT,1980,81.28816223144531,76.03035736083984
Kuwait,KWT,1985,90.69232940673828,84.09369659423828
Kuwait,KWT,1995,93.79988861083984,90.18480682373047
Kuwait,KWT,2005,99.69097137451172,99.78759002685547
Kuwait,KWT,2006,98.52217864990234,98.499267578125
Kuwait,KWT,2007,98.39884185791016,98.5077896118164
Kuwait,KWT,2008,98.5651626586914,98.73937225341797
Kuwait,KWT,2010,99.06282043457031,98.71820831298828
Kuwait,KWT,2012,98.73638153076172,98.83531188964844
Kuwait,KWT,2013,99.25228881835938,99.0406723022461
Kuwait,KWT,2015,99.15068054199219,99.40084838867188
Kuwait,KWT,2017,99.05683898925781,99.49922180175781
Kuwait,KWT,2018,98.77678680419922,99.50354766845703
Kuwait,KWT,2020,99.10440063476562,99.5757827758789
Kyrgyzstan,KGZ,1999,99.6507797241211,99.74128723144531
Kyrgyzstan,KGZ,2009,99.70462799072266,99.79959106445312
Kyrgyzstan,KGZ,2018,99.69000244140625,99.80999755859375
Laos,LAO,1995,78.81578826904297,64.05435180664062
Laos,LAO,2000,88.06197357177734,73.56057739257812
Laos,LAO,2001,82.59932708740234,74.68242645263672
Laos,LAO,2005,89.18749237060547,78.73983764648438
Laos,LAO,2011,77.27266693115234,67.05377960205078
Laos,LAO,2015,94.40438079833984,90.50106811523438
Latin America and Caribbean,,1974,88.6327133178711,86.81285858154297
Latin America and Caribbean,,1975,88.63001251220703,86.82988739013672
Latin America and Caribbean,,1976,88.75042724609375,87.2364273071289
Latin America and Caribbean,,1977,88.84732055664062,87.68866729736328
Latin America and Caribbean,,1978,88.93974304199219,88.17941284179688
Latin America and Caribbean,,1979,88.93399047851562,88.55509948730469
Latin America and Caribbean,,1980,88.82463836669922,88.81381225585938
Latin America and Caribbean,,1981,88.84349822998047,89.1810531616211
Latin America and Caribbean,,1982,88.84044647216797,89.52438354492188
Latin America and Caribbean,,1983,88.8408203125,89.86974334716797
Latin America and Caribbean,,1984,88.85469055175781,90.20613861083984
Latin America and Caribbean,,1985,88.88455200195312,90.54135131835938
Latin America and Caribbean,,1986,88.92130279541016,90.84169006347656
Latin America and Caribbean,,1987,89.09281158447266,91.01870727539062
Latin America and Caribbean,,1988,89.31832885742188,91.38835906982422
Latin America and Caribbean,,1989,89.52374267578125,91.83582305908203
Latin America and Caribbean,,1990,89.6634521484375,92.22769927978516
Latin America and Caribbean,,1991,90.38986206054688,92.71185302734375
Latin America and Caribbean,,1992,91.14246368408203,93.19918060302734
Latin America and Caribbean,,1993,91.90252685546875,93.6490478515625
Latin America and Caribbean,,1994,92.65966796875,94.09171295166016
Latin America and Caribbean,,1995,93.42012023925781,94.52127838134766
Latin America and Caribbean,,1996,93.7421875,94.82079315185547
Latin America and Caribbean,,1997,93.90734100341797,94.86634826660156
Latin America and Caribbean,,1998,94.21324157714844,95.13603210449219
Latin America and Caribbean,,1999,94.38349914550781,95.35842895507812
Latin America and Caribbean,,2000,94.56935119628906,95.57257843017578
Latin America and Caribbean,,2001,94.7104721069336,95.6794204711914
Latin America and Caribbean,,2002,95.14214324951172,95.99822235107422
Latin America and Caribbean,,2003,95.97601318359375,96.65637969970703
Latin America and Caribbean,,2004,96.04593658447266,96.84500885009766
Latin America and Caribbean,,2005,96.2435531616211,97.0303726196289
Latin America and Caribbean,,2006,96.540771484375,96.97572326660156
Latin America and Caribbean,,2007,96.77226257324219,97.27839660644531
Latin America and Caribbean,,2008,96.93193817138672,97.40477752685547
Latin America and Caribbean,,2009,97.28031921386719,97.67308044433594
Latin America and Caribbean,,2010,97.02558898925781,97.66162872314453
Latin America and Caribbean,,2011,97.52462768554688,98.05712890625
Latin America and Caribbean,,2012,97.70220184326172,98.18726348876953
Latin America and Caribbean,,2013,97.69940948486328,98.14955139160156
Latin America and Caribbean,,2014,98.04122161865234,98.43067932128906
Latin America and Caribbean,,2015,98.11444091796875,98.50591278076172
Latin America and Caribbean,,2016,98.2328109741211,98.6346664428711
Latin America and Caribbean,,2017,98.2834701538086,98.66114044189453
Latin America and Caribbean,,2018,98.3569107055664,98.73596954345703
Latin America and Caribbean,,2019,98.40753936767578,98.78559112548828
Latin America and Caribbean,,2020,98.4654769897461,98.83129119873047
Latvia,LVA,1989,99.75005340576172,99.8209228515625
Latvia,LVA,2000,99.71817779541016,99.78330993652344
Latvia,LVA,2011,99.80219268798828,99.87010955810547
Latvia,LVA,2018,99.77999877929688,99.86000061035156
Lebanon,LBN,2007,98.39605712890625,99.0822982788086
Lebanon,LBN,2009,99.16172790527344,99.33673858642578
Lebanon,LBN,2018,99.6627426147461,99.83898162841797
Lesotho,LSO,2000,84.82557678222656,97.49609375
Lesotho,LSO,2009,74.18502807617188,92.09388732910156
Lesotho,LSO,2014,79.60803985595703,93.96987915039062
Liberia,LBR,1984,62.82728958129883,33.72455978393555
Liberia,LBR,2007,63.451019287109375,37.170310974121094
Liberia,LBR,2017,64.9571304321289,45.638710021972656
Libya,LBY,1984,97.85204315185547,80.31060028076172
Libya,LBY,1994,99.41999816894531,96.30000305175781
Libya,LBY,2004,99.8499984741211,99.4000015258789
Lithuania,LTU,1989,99.64118194580078,99.7084732055664
Lithuania,LTU,2001,99.66221618652344,99.74237823486328
Lithuania,LTU,2011,99.84546661376953,99.86662292480469
Low and middle income,,1975,81.10608673095703,63.31011962890625
Low and middle income,,1976,81.1382064819336,63.46043014526367
Low and middle income,,1977,81.25322723388672,63.87131881713867
Low and middle income,,1978,81.5525131225586,64.95789337158203
Low and middle income,,1979,81.83451843261719,66.03589630126953
Low and middle income,,1980,82.03949737548828,67.1059799194336
Low and middle income,,1981,82.23652648925781,68.09983825683594
Low and middle income,,1982,82.47899627685547,69.25361633300781
Low and middle income,,1983,82.69580078125,70.01992797851562
Low and middle income,,1984,82.9347915649414,71.0073471069336
Low and middle income,,1985,83.13878631591797,71.86609649658203
Low and middle income,,1986,83.31504821777344,72.64553833007812
Low and middle income,,1987,83.82865905761719,73.7051773071289
Low and middle income,,1988,84.82581329345703,74.20578002929688
Low and middle income,,1989,85.07283020019531,74.80412292480469
Low and middle income,,1990,85.28823852539062,75.44827270507812
Low and middle income,,1991,85.47351837158203,75.87328338623047
Low and middle income,,1992,85.79376220703125,76.38677978515625
Low and middle income,,1993,86.09602355957031,76.71324920654297
Low and middle income,,1994,86.25882720947266,77.2374267578125
Low and middle income,,1995,86.4122314453125,77.75354766845703
Low and middle income,,1996,86.55487060546875,78.2738037109375
Low and middle income,,1997,87.0979232788086,79.68009948730469
Low and middle income,,1998,88.21395874023438,80.2942123413086
Low and middle income,,1999,88.39250946044922,80.86107635498047
Low and middle income,,2000,88.40167236328125,80.9440689086914
Low and middle income,,2001,88.52873229980469,81.52349853515625
Low and middle income,,2002,89.07266235351562,82.21981048583984
Low and middle income,,2003,89.62191009521484,82.86302947998047
Low and middle income,,2004,89.95250701904297,83.62480163574219
Low and middle income,,2005,90.30177307128906,83.56796264648438
Low and middle income,,2006,90.52230834960938,84.3116683959961
Low and middle income,,2007,89.97342681884766,84.32292938232422
Low and middle income,,2008,90.9064712524414,85.21835327148438
Low and middle income,,2009,90.8724594116211,85.41063690185547
Low and middle income,,2010,90.73249053955078,85.68451690673828
Low and middle income,,2011,90.78411102294922,86.16980743408203
Low and middle income,,2012,91.30091857910156,86.88894653320312
Low and middle income,,2013,91.53581237792969,87.39054107666016
Low and middle income,,2014,91.75470733642578,87.90487670898438
Low and middle income,,2015,91.6517333984375,88.0995101928711
Low and middle income,,2016,91.97979736328125,88.74214172363281
Low and middle income,,2017,92.08898162841797,89.06407928466797
Low and middle income,,2018,91.89582824707031,89.08988189697266
Low and middle income,,2019,92.02323150634766,89.39958190917969
Low and middle income,,2020,92.11508178710938,89.6805419921875
Low income,,1988,65.94500732421875,48.39786148071289
Low income,,1989,66.21636199951172,48.92216873168945
Low income,,1990,66.3179931640625,49.445220947265625
Low income,,1991,65.76966094970703,49.10837936401367
Low income,,1992,65.17308807373047,48.66572189331055
Low income,,1993,64.92182159423828,48.722320556640625
Low income,,1994,64.64652252197266,48.86534881591797
Low income,,1995,64.9119873046875,49.16004180908203
Low income,,1996,64.768310546875,49.57783126831055
Low income,,1997,64.79151916503906,50.12152862548828
Low income,,1998,65.09375,50.664398193359375
Low income,,1999,65.26226043701172,51.17557144165039
Low income,,2000,64.95890045166016,51.72949981689453
Low income,,2001,64.89913177490234,52.66022872924805
Low income,,2002,69.10997009277344,53.063201904296875
Low income,,2003,69.4168472290039,53.94855880737305
Low income,,2004,71.20799255371094,55.83695983886719
Low income,,2005,70.16278076171875,55.34429168701172
Low income,,2006,69.27115631103516,53.305198669433594
Low income,,2007,70.25530242919922,55.438411712646484
Low income,,2008,70.57927703857422,56.199520111083984
Low income,,2009,71.25052642822266,57.36494064331055
Low income,,2010,71.44722747802734,58.428619384765625
Low income,,2011,73.06675720214844,61.83290100097656
Low income,,2012,73.7978515625,62.927940368652344
Low income,,2013,74.83109283447266,64.28807830810547
Low income,,2014,75.11122131347656,64.9985580444336
Low income,,2015,75.3889389038086,66.05564880371094
Low income,,2016,75.47390747070312,67.1768798828125
Low income,,2017,75.94207763671875,68.4894027709961
Low income,,2018,75.93370056152344,69.22588348388672
Low income,,2019,76.09931182861328,69.96351623535156
Low income,,2020,76.30777740478516,70.70430755615234
Lower middle income,,1975,69.47126007080078,47.240291595458984
Lower middle income,,1976,69.48632049560547,47.31789016723633
Lower middle income,,1977,69.76058959960938,48.07209014892578
Lower middle income,,1978,69.9646987915039,48.81196975708008
Lower middle income,,1979,70.0831527709961,49.527198791503906
Lower middle income,,1980,70.12666320800781,50.177188873291016
Lower middle income,,1981,70.11907196044922,50.72629928588867
Lower middle income,,1982,70.22527313232422,51.51642990112305
Lower middle income,,1983,70.34779357910156,52.196250915527344
Lower middle income,,1984,70.48428344726562,53.06925964355469
Lower middle income,,1985,70.66795349121094,53.95677185058594
Lower middle income,,1986,70.84587860107422,54.79079055786133
Lower middle income,,1987,71.29428100585938,55.82154846191406
Lower middle income,,1988,73.3634033203125,54.70079040527344
Lower middle income,,1989,74.04141998291016,56.02085876464844
Lower middle income,,1990,74.64676666259766,57.32780838012695
Lower middle income,,1991,75.27665710449219,58.43046188354492
Lower middle income,,1992,76.3193130493164,59.884681701660156
Lower middle income,,1993,77.27754211425781,60.84815979003906
Lower middle income,,1994,77.91848754882812,62.3032112121582
Lower middle income,,1995,78.42645263671875,63.623409271240234
Lower middle income,,1996,79.0376205444336,64.94510650634766
Lower middle income,,1997,79.55368041992188,66.1039810180664
Lower middle income,,1998,82.28726959228516,67.83203125
Lower middle income,,1999,82.86264038085938,69.30750274658203
Lower middle income,,2000,83.02771759033203,69.61609649658203
Lower middle income,,2001,83.3731689453125,70.77906799316406
Lower middle income,,2002,83.72386169433594,72.13343048095703
Lower middle income,,2003,84.63343811035156,73.11087799072266
Lower middle income,,2004,84.96945190429688,74.31562805175781
Lower middle income,,2005,85.93142700195312,74.28524780273438
Lower middle income,,2006,86.7790298461914,76.68570709228516
Lower middle income,,2007,85.3634033203125,76.23329162597656
Lower middle income,,2008,87.22599792480469,78.01824188232422
Lower middle income,,2009,87.52256774902344,78.84967041015625
Lower middle income,,2010,87.46324920654297,79.61286926269531
Lower middle income,,2011,87.50005340576172,80.35848999023438
Lower middle income,,2012,88.2856216430664,81.651611328125
Lower middle income,,2013,88.9193115234375,82.90641784667969
Lower middle income,,2014,89.32737731933594,84.00079345703125
Lower middle income,,2015,89.76815795898438,85.03569030761719
Lower middle income,,2016,90.11370086669922,85.82058715820312
Lower middle income,,2017,90.46309661865234,86.38401794433594
Lower middle income,,2018,90.73600769042969,87.07012176513672
Lower middle income,,2019,91.06771850585938,87.67532348632812
Lower middle income,,2020,91.31311798095703,88.21295928955078
Macao,MAC,1981,95.14238739013672,94.20511627197266
Macao,MAC,2001,99.43009185791016,99.8101577758789
Macao,MAC,2006,99.58699035644531,99.69966125488281
Macao,MAC,2011,99.65496826171875,99.69007873535156
Macao,MAC,2016,99.72689056396484,99.86617279052734
Madagascar,MDG,2000,72.65445709228516,68.18623352050781
Madagascar,MDG,2005,58.86296081542969,56.47853088378906
Madagascar,MDG,2009,65.91477966308594,63.967079162597656
Madagascar,MDG,2012,78.41248321533203,75.30384826660156
Madagascar,MDG,2018,80.57805633544922,79.18119049072266
Malawi,MWI,1987,70.4406509399414,49.12807083129883
Malawi,MWI,1998,82.09123229980469,70.70072174072266
Malawi,MWI,2010,74.26924896240234,69.98174285888672
Malawi,MWI,2014,78.78466033935547,73.3324203491211
Malawi,MWI,2015,72.4917221069336,73.38580322265625
Malaysia,MYS,1980,89.49591064453125,86.53147888183594
Malaysia,MYS,1991,95.90644073486328,95.22213745117188
Malaysia,MYS,2000,97.20813751220703,97.2677230834961
Malaysia,MYS,2010,98.38104248046875,98.45825958251953
Malaysia,MYS,2016,97.39067077636719,97.85761260986328
Malaysia,MYS,2017,97.12167358398438,97.43843841552734
Malaysia,MYS,2018,96.6958236694336,97.0185317993164
Malaysia,MYS,2019,96.5985107421875,96.97590637207031
Maldives,MDV,1977,84.13037109375,87.11927795410156
Maldives,MDV,1985,94.88720703125,96.17604064941406
Maldives,MDV,1990,98.07730865478516,98.31548309326172
Maldives,MDV,1995,98.03439331054688,98.29863739013672
Maldives,MDV,2000,98.03439331054688,98.29863739013672
Maldives,MDV,2006,99.24021911621094,99.36064910888672
Maldives,MDV,2014,99.08132934570312,99.4395523071289
Maldives,MDV,2016,98.39115142822266,99.08863067626953
Mali,MLI,1976,26.665630340576172,13.474650382995605
Mali,MLI,1998,32.25117874145508,16.86067008972168
Mali,MLI,2006,47.37997055053711,30.798460006713867
Mali,MLI,2010,56.37126922607422,33.945709228515625
Mali,MLI,2011,56.31502151489258,29.695390701293945
Mali,MLI,2015,60.525489807128906,39.207759857177734
Mali,MLI,2018,57.83325958251953,43.398109436035156
Mali,MLI,2020,55.227210998535156,38.45201873779297
Malta,MLT,1985,96.93003845214844,98.87075805664062
Malta,MLT,1995,94.36506652832031,97.80653381347656
Malta,MLT,2005,97.45976257324219,99.11073303222656
Malta,MLT,2011,98.40397644042969,99.3865737915039
Malta,MLT,2018,99.05695343017578,99.56088256835938
Marshall Islands,MHL,2011,98.16972351074219,98.75669860839844
Mauritania,MRT,2000,67.73265075683594,55.48371124267578
Mauritania,MRT,2007,66.3998794555664,47.7123908996582
Mauritania,MRT,2013,74.22377014160156,68.05106353759766
Mauritania,MRT,2017,70.93633270263672,56.760719299316406
Mauritius,MUS,1990,90.69557189941406,91.70590209960938
Mauritius,MUS,2000,93.72183990478516,95.36190032958984
Mauritius,MUS,2011,97.68914794921875,98.57592010498047
Mauritius,MUS,2018,98.73798370361328,99.3534164428711
Mexico,MEX,1980,93.08718872070312,90.8609390258789
Mexico,MEX,1990,95.96346282958984,94.90321350097656
Mexico,MEX,2000,96.7511978149414,96.48236083984375
Mexico,MEX,2002,97.9406967163086,97.27210998535156
Mexico,MEX,2004,97.51730346679688,97.6079330444336
Mexico,MEX,2005,97.64424896240234,97.6279296875
Mexico,MEX,2006,98.10611724853516,97.69171905517578
Mexico,MEX,2007,98.19888305664062,98.1161117553711
Mexico,MEX,2008,98.40971374511719,98.3564224243164
Mexico,MEX,2009,98.67002868652344,98.38159942626953
Mexico,MEX,2010,98.37557220458984,98.49212646484375
Mexico,MEX,2011,98.41655731201172,98.50666046142578
Mexico,MEX,2012,98.72036743164062,99.02957153320312
Mexico,MEX,2013,98.52684020996094,98.60191345214844
Mexico,MEX,2014,98.92221069335938,99.07946014404297
Mexico,MEX,2015,98.87351989746094,99.01495361328125
Mexico,MEX,2016,99.02591705322266,99.20722961425781
Mexico,MEX,2017,99.081298828125,99.16837310791016
Mexico,MEX,2018,99.24864196777344,99.38847351074219
Mexico,MEX,2020,98.99363708496094,99.17141723632812
Middle East and North Africa,,1973,71.9997329711914,
Middle East and North Africa,,1974,72.44928741455078,46.301849365234375
Middle East and North Africa,,1975,72.94387817382812,47.1366081237793
Middle East and North Africa,,1976,73.59407806396484,47.98107147216797
Middle East and North Africa,,1977,73.9972915649414,48.86859893798828
Middle East and North Africa,,1978,74.54296112060547,49.89649963378906
Middle East and North Africa,,1979,75.08074188232422,50.99074172973633
Middle East and North Africa,,1980,75.6912612915039,52.21446990966797
Middle East and North Africa,,1981,76.35845184326172,53.518531799316406
Middle East and North Africa,,1982,77.05610656738281,54.874088287353516
Middle East and North Africa,,1983,78.15973663330078,56.0606689453125
Middle East and North Africa,,1984,79.11424255371094,57.863521575927734
Middle East and North Africa,,1985,80.0648422241211,59.63090133666992
Middle East and North Africa,,1986,81.0829086303711,61.42787170410156
Middle East and North Africa,,1987,81.91111755371094,62.985801696777344
Middle East and North Africa,,1988,82.75614929199219,64.65573120117188
Middle East and North Africa,,1989,83.53414154052734,66.26161193847656
Middle East and North Africa,,1990,85.19696807861328,69.3027114868164
Middle East and North Africa,,1991,86.47315979003906,71.10765075683594
Middle East and North Africa,,1992,87.13834381103516,72.6128921508789
Middle East and North Africa,,1993,87.36781311035156,72.2919692993164
Middle East and North Africa,,1994,87.8848876953125,73.72503662109375
Middle East and North Africa,,1995,88.5441665649414,75.694091796875
Middle East and North Africa,,1996,89.08159637451172,77.0696792602539
Middle East and North Africa,,1997,89.4867172241211,78.22189331054688
Middle East and North Africa,,1998,89.76119995117188,79.26251220703125
Middle East and North Africa,,1999,90.069091796875,80.34697723388672
Middle East and North Africa,,2000,90.35942840576172,81.33489990234375
Middle East and North Africa,,2001,90.83807373046875,82.41439056396484
Middle East and North Africa,,2002,91.37396240234375,83.64169311523438
Middle East and North Africa,,2003,92.89884948730469,84.0040512084961
Middle East and North Africa,,2004,93.13294982910156,84.892578125
Middle East and North Africa,,2005,93.28067779541016,85.46299743652344
Middle East and North Africa,,2006,92.7169189453125,86.27581024169922
Middle East and North Africa,,2007,93.14044952392578,87.07447814941406
Middle East and North Africa,,2008,93.73087310791016,87.9347915649414
Middle East and North Africa,,2009,91.72467803955078,85.42558288574219
Middle East and North Africa,,2010,91.8714599609375,85.8481674194336
Middle East and North Africa,,2011,91.94220733642578,85.88983154296875
Middle East and North Africa,,2012,95.27327728271484,89.78875732421875
Middle East and North Africa,,2013,95.10018157958984,90.4583511352539
Middle East and North Africa,,2014,96.07730102539062,91.67117309570312
Middle East and North Africa,,2015,92.94117736816406,88.49845123291016
Middle East and North Africa,,2016,95.09591674804688,90.82628631591797
Middle East and North Africa,,2017,95.47107696533203,91.60518646240234
Middle East and North Africa,,2018,91.96372985839844,87.7094497680664
Middle East and North Africa,,2019,92.13291931152344,87.978271484375
Middle East and North Africa,,2020,92.30168151855469,88.23854064941406
Middle income,,1975,82.41844940185547,64.91671752929688
Middle income,,1976,82.43022918701172,65.05081939697266
Middle income,,1977,82.5307388305664,65.46048736572266
Middle income,,1978,82.82504272460938,66.58863830566406
Middle income,,1979,83.10073852539062,67.70606994628906
Middle income,,1980,83.29232025146484,68.80976867675781
Middle income,,1981,83.47492218017578,69.8163833618164
Middle income,,1982,83.70809173583984,70.99967956542969
Middle income,,1983,83.91626739501953,71.76545715332031
Middle income,,1984,84.15856170654297,72.77899932861328
Middle income,,1985,84.36244201660156,73.65540313720703
Middle income,,1986,84.54631042480469,74.46631622314453
Middle income,,1987,85.0744400024414,75.56404876708984
Middle income,,1988,86.1447982788086,76.08426666259766
Middle income,,1989,86.41165924072266,76.71891784667969
Middle income,,1990,86.66087341308594,77.40811920166016
Middle income,,1991,86.92729949951172,77.93080139160156
Middle income,,1992,87.34771728515625,78.56250762939453
Middle income,,1993,87.72798156738281,78.95826721191406
Middle income,,1994,87.96395111083984,79.56478118896484
Middle income,,1995,88.14913177490234,80.1535873413086
Middle income,,1996,88.35016632080078,80.73011016845703
Middle income,,1997,88.97544860839844,82.26663208007812
Middle income,,1998,90.20101165771484,82.9455795288086
Middle income,,1999,90.4177474975586,83.57148742675781
Middle income,,2000,90.4871597290039,83.6573715209961
Middle income,,2001,90.65966033935547,84.24172973632812
Middle income,,2002,90.89334869384766,84.99678039550781
Middle income,,2003,91.48428344726562,85.64610290527344
Middle income,,2004,91.70197296142578,86.33406066894531
Middle income,,2005,92.21173858642578,86.36675262451172
Middle income,,2006,92.57144165039062,87.44187927246094
Middle income,,2007,91.91377258300781,87.30281066894531
Middle income,,2008,92.95552825927734,88.28871154785156
Middle income,,2009,92.9056167602539,88.46351623535156
Middle income,,2010,92.7927474975586,88.74530029296875
Middle income,,2011,92.73877716064453,88.99407196044922
Middle income,,2012,93.30068969726562,89.77127838134766
Middle income,,2013,93.51492309570312,90.27593994140625
Middle income,,2014,93.79768371582031,90.8732681274414
Middle income,,2015,93.71511840820312,91.0567398071289
Middle income,,2016,94.13720703125,91.72683715820312
Middle income,,2017,94.25847625732422,91.99485778808594
Middle income,,2018,94.09664154052734,91.99630737304688
Middle income,,2019,94.27436828613281,92.31761932373047
Middle income,,2020,94.40554809570312,92.60240173339844
Moldova,MDA,1989,99.72015380859375,99.73853302001953
Moldova,MDA,2000,99.40321350097656,99.65157318115234
Moldova,MDA,2014,99.80670166015625,99.8155288696289
Mongolia,MNG,2000,96.99861145019531,98.43193817138672
Mongolia,MNG,2010,98.02181243896484,98.90873718261719
Mongolia,MNG,2018,98.19000244140625,99.08000183105469
Mongolia,MNG,2020,98.92642974853516,99.2256088256836
Montenegro,MNE,1981,99.14710998535156,98.28520965576172
Montenegro,MNE,1991,99.2647933959961,98.98921203613281
Montenegro,MNE,2003,99.45794677734375,99.36060333251953
Montenegro,MNE,2011,99.36078643798828,99.0526123046875
Montenegro,MNE,2018,99.2300033569336,98.97000122070312
Morocco,MAR,1982,58.116920471191406,30.950910568237305
Morocco,MAR,1994,71.3849105834961,45.996360778808594
Morocco,MAR,2004,80.80267333984375,60.492889404296875
Morocco,MAR,2008,85.80525207519531,69.89814758300781
Morocco,MAR,2009,86.72862243652344,72.1452407836914
Morocco,MAR,2011,88.82942199707031,74.03428649902344
Morocco,MAR,2012,94.62718963623047,87.78340148925781
Morocco,MAR,2018,98.04000091552734,97.4000015258789
Mozambique,MOZ,1980,63.95418167114258,25.11539077758789
Mozambique,MOZ,1997,59.452701568603516,36.55310821533203
Mozambique,MOZ,2003,74.36054992675781,50.038909912109375
Mozambique,MOZ,2009,79.84043884277344,56.5400505065918
Mozambique,MOZ,2015,79.06706237792969,62.666988372802734
Mozambique,MOZ,2017,77.26016998291016,65.4897689819336
Myanmar,MMR,1983,88.56580352783203,81.34420013427734
Myanmar,MMR,2000,95.78810119628906,93.47118377685547
Myanmar,MMR,2016,85.11966705322266,84.41378784179688
Myanmar,MMR,2019,95.27066802978516,95.55290222167969
Namibia,NAM,1991,85.70274353027344,90.41716003417969
Namibia,NAM,2001,91.1483383178711,93.63253784179688
Namibia,NAM,2007,83.23857879638672,90.61543273925781
Namibia,NAM,2011,93.4585189819336,95.34632110595703
Namibia,NAM,2018,94.10936737060547,96.19844055175781
Nepal,NPL,1981,45.09614181518555,14.966609954833984
Nepal,NPL,1991,68.22962951660156,32.666439056396484
Nepal,NPL,2001,80.615966796875,60.14379119873047
Nepal,NPL,2011,89.88401794433594,80.20683288574219
Nepal,NPL,2018,94.0342788696289,90.88346862792969
New Caledonia,NCL,1976,97.00248718261719,97.96157836914062
New Caledonia,NCL,1989,98.65692901611328,98.86099243164062
New Caledonia,NCL,1996,99.04521942138672,99.14203643798828
New Caledonia,NCL,2014,99.18000030517578,99.30000305175781
Nicaragua,NIC,2001,83.62999725341797,88.81787872314453
Nicaragua,NIC,2005,85.1556167602539,88.84248352050781
Nicaragua,NIC,2015,89.64282989501953,93.60193634033203
Niger,NER,2001,26.230060577392578,14.233550071716309
Niger,NER,2005,52.449520111083984,23.197429656982422
Niger,NER,2012,48.55717849731445,31.643909454345703
Niger,NER,2018,51.06999969482422,35.560001373291016
Nigeria,NGA,1991,81.35603332519531,62.4877815246582
Nigeria,NGA,2003,78.1279525756836,60.509368896484375
Nigeria,NGA,2006,83.1236572265625,74.50440216064453
Nigeria,NGA,2008,75.5659408569336,57.95389175415039
Nigeria,NGA,2018,81.58064270019531,68.26262664794922
North Korea,PRK,2008,99.99944305419922,99.99978637695312
North Macedonia,MKD,1994,99.14446258544922,98.5668716430664
North Macedonia,MKD,2002,98.98544311523438,98.48538970947266
North Macedonia,MKD,2014,98.76000213623047,98.5
North Macedonia,MKD,2020,99.02909851074219,99.162109375
Oman,OMN,2003,97.8650894165039,96.66145324707031
Oman,OMN,2008,97.63411712646484,97.6249771118164
Oman,OMN,2010,97.40564727783203,98.16506958007812
Oman,OMN,2014,99.13059997558594,99.0566177368164
Oman,OMN,2015,99.43405151367188,98.7533187866211
Oman,OMN,2016,98.5147933959961,98.98040008544922
Oman,OMN,2017,98.46439361572266,98.95638275146484
Oman,OMN,2018,98.35662841796875,98.97943115234375
Pakistan,PAK,1981,44.50286865234375,23.83296012878418
Pakistan,PAK,1998,67.14935302734375,43.114051818847656
Pakistan,PAK,2005,76.65171813964844,53.088558197021484
Pakistan,PAK,2006,79.10218048095703,58.37055969238281
Pakistan,PAK,2007,75.23848724365234,56.78496170043945
Pakistan,PAK,2008,79.42005157470703,61.24991989135742
Pakistan,PAK,2009,79.14431762695312,61.46266174316406
Pakistan,PAK,2010,79.50414276123047,62.298370361328125
Pakistan,PAK,2011,78.04241943359375,63.136810302734375
Pakistan,PAK,2012,80.28826141357422,64.4740982055664
Pakistan,PAK,2013,79.40380859375,63.4379997253418
Pakistan,PAK,2014,79.76598358154297,65.54779052734375
Pakistan,PAK,2017,81.26351928710938,67.5371322631836
Pakistan,PAK,2018,79.78309631347656,64.35005187988281
Pakistan,PAK,2019,79.729248046875,65.18557739257812
Palau,PLW,1980,94.193603515625,94.35772705078125
Palau,PLW,2013,99.76959228515625,99.82949829101562
Palau,PLW,2015,98.24561309814453,99.1705093383789
Palestine,PSE,1997,96.9156265258789,97.18609619140625
Palestine,PSE,2004,99.02130126953125,98.88114166259766
Palestine,PSE,2006,99.0400619506836,99.14674377441406
Palestine,PSE,2007,99.14022064208984,98.99183654785156
Palestine,PSE,2008,99.26931762695312,99.04132843017578
Palestine,PSE,2009,99.23454284667969,99.22567749023438
Palestine,PSE,2010,99.19628143310547,99.24447631835938
Palestine,PSE,2011,99.25736999511719,99.36161041259766
Palestine,PSE,2012,99.34319305419922,99.22756958007812
Palestine,PSE,2013,99.41851043701172,99.274658203125
Palestine,PSE,2014,99.40950775146484,99.31944274902344
Palestine,PSE,2015,99.40796661376953,99.27188873291016
Palestine,PSE,2016,99.44656372070312,99.3050537109375
Palestine,PSE,2017,99.25569152832031,99.37062072753906
Palestine,PSE,2018,99.29222869873047,99.38239288330078
Palestine,PSE,2019,99.37024688720703,99.29688262939453
Palestine,PSE,2020,99.22022247314453,99.2450180053711
Panama,PAN,1980,95.92749786376953,96.2839584350586
Panama,PAN,1990,95.39389038085938,94.77776336669922
Panama,PAN,2000,96.5305404663086,95.62272644042969
Panama,PAN,2010,97.9344711303711,97.33686828613281
Panama,PAN,2018,99.31220245361328,98.8742904663086
Panama,PAN,2019,98.90381622314453,98.8590087890625
Papua New Guinea,PNG,2000,69.13374328613281,64.0581283569336
Papua New Guinea,PNG,2010,64.56999969482422,71.4000015258789
Paraguay,PRY,1982,90.17328643798828,89.0011978149414
Paraguay,PRY,1992,95.85675048828125,95.3614273071289
Paraguay,PRY,2007,98.80972290039062,98.77915954589844
Paraguay,PRY,2008,97.69171905517578,98.23230743408203
Paraguay,PRY,2009,98.04145050048828,98.98827362060547
Paraguay,PRY,2010,98.5003433227539,98.72882080078125
Paraguay,PRY,2012,98.25122833251953,98.10376739501953
Paraguay,PRY,2013,98.59587097167969,99.20459747314453
Paraguay,PRY,2014,98.96369934082031,98.46340942382812
Paraguay,PRY,2015,98.35382843017578,98.96890258789062
Paraguay,PRY,2016,98.20767974853516,98.70381164550781
Paraguay,PRY,2018,97.732421875,98.86784362792969
Paraguay,PRY,2019,98.0351333618164,98.68419647216797
Paraguay,PRY,2020,98.63162231445312,98.65762329101562
Peru,PER,1981,96.5133285522461,89.76371765136719
Peru,PER,1993,96.98548126220703,93.78624725341797
Peru,PER,2004,97.80303192138672,95.65602111816406
Peru,PER,2005,97.92134857177734,96.28778076171875
Peru,PER,2006,98.51274871826172,96.9576416015625
Peru,PER,2007,98.01325988769531,96.70523071289062
Peru,PER,2012,98.7193374633789,98.67575073242188
Peru,PER,2014,99.15705871582031,98.78965759277344
Peru,PER,2015,99.23966979980469,98.77290344238281
Peru,PER,2016,99.0888671875,98.67220306396484
Peru,PER,2017,99.2559814453125,98.85308074951172
Peru,PER,2018,99.0792007446289,98.96697235107422
Peru,PER,2020,99.51777648925781,99.35148620605469
Philippines,PHL,1980,91.06330871582031,92.46903228759766
Philippines,PHL,1990,96.2767333984375,96.87773895263672
Philippines,PHL,1994,95.81552124023438,96.28193664550781
Philippines,PHL,2000,94.45825958251953,95.72028350830078
Philippines,PHL,2003,93.57830047607422,96.5805892944336
Philippines,PHL,2008,97.01995086669922,98.49152374267578
Philippines,PHL,2013,97.42543029785156,98.8154296875
Philippines,PHL,2015,98.9041519165039,99.26673126220703
Philippines,PHL,2019,97.89730834960938,98.89290618896484
Poland,POL,1978,99.77873992919922,99.81581115722656
Poland,POL,1988,99.77873992919922,99.81581115722656
Poland,POL,1998,99.77873992919922,99.81581115722656
Poland,POL,2008,99.77873992919922,99.81581115722656
Portugal,PRT,1981,97.66432189941406,98.22210693359375
Portugal,PRT,1991,99.14246368408203,99.25787353515625
Portugal,PRT,2011,99.39179992675781,99.4796371459961
Portugal,PRT,2018,99.62657165527344,99.7015609741211
Puerto Rico,PRI,1980,93.01827239990234,94.3973617553711
Puerto Rico,PRI,1990,92.2238998413086,94.11212921142578
Puerto Rico,PRI,2010,98.81458282470703,98.85418701171875
Puerto Rico,PRI,2017,92.38995361328125,92.38970184326172
Qatar,QAT,1986,88.52729797363281,91.23052215576172
Qatar,QAT,1997,94.12275695800781,95.80931091308594
Qatar,QAT,2004,93.40882110595703,96.92501831054688
Qatar,QAT,2007,94.78671264648438,98.96524810791016
Qatar,QAT,2008,92.97769927978516,95.32598114013672
Qatar,QAT,2009,94.42349243164062,96.04019165039062
Qatar,QAT,2010,91.09845733642578,96.29045867919922
Qatar,QAT,2011,93.70831298828125,97.24246978759766
Qatar,QAT,2012,92.03328704833984,97.82755279541016
Qatar,QAT,2013,90.306640625,95.79881286621094
Qatar,QAT,2014,92.68366241455078,96.34851837158203
Qatar,QAT,2016,94.80638122558594,97.2647705078125
Qatar,QAT,2017,94.06990051269531,96.11466217041016
Romania,ROU,1992,99.18006896972656,99.03208923339844
Romania,ROU,2002,97.74423217773438,97.7795181274414
Romania,ROU,2011,99.01409149169922,98.9762191772461
Romania,ROU,2018,99.41938018798828,99.43968200683594
Russia,RUS,1989,99.69100952148438,99.74945831298828
Russia,RUS,2002,99.6790771484375,99.77127838134766
Russia,RUS,2010,99.66278076171875,99.75801849365234
Russia,RUS,2018,99.64997100830078,99.74909210205078
Rwanda,RWA,1978,59.65620040893555,44.69158935546875
Rwanda,RWA,2000,78.52217102050781,76.86257934570312
Rwanda,RWA,2010,76.65857696533203,77.97245788574219
Rwanda,RWA,2012,81.12004852294922,83.48738861083984
Rwanda,RWA,2014,83.81410217285156,86.26225280761719
Rwanda,RWA,2018,84.325927734375,88.50182342529297
Saint Vincent and the Grenadines,VCT,1970,97.92478942871094,97.99759674072266
Samoa,WSM,1991,99.12000274658203,98.94999694824219
Samoa,WSM,2011,99.02961730957031,99.45803833007812
Samoa,WSM,2018,98.84150695800781,99.43575286865234
Sao Tome and Principe,STP,1981,90.81989288330078,74.05767059326172
Sao Tome and Principe,STP,1991,95.80854034423828,91.85257720947266
Sao Tome and Principe,STP,2001,95.97399139404297,94.85256958007812
Sao Tome and Principe,STP,2008,83.05632781982422,77.3372802734375
Sao Tome and Principe,STP,2012,97.12077331542969,96.35088348388672
Sao Tome and Principe,STP,2018,97.71246337890625,97.85417938232422
Saudi Arabia,SAU,1992,93.96331024169922,81.0738296508789
Saudi Arabia,SAU,2000,98.07427978515625,93.71305847167969
Saudi Arabia,SAU,2004,96.95304870605469,94.67571258544922
Saudi Arabia,SAU,2013,99.30072021484375,99.13699340820312
Saudi Arabia,SAU,2017,99.32151794433594,99.28044128417969
Saudi Arabia,SAU,2020,99.54517364501953,99.44731140136719
Senegal,SEN,1988,49.12730026245117,28.03474998474121
Senegal,SEN,2002,58.48508071899414,40.96836853027344
Senegal,SEN,2006,58.12517166137695,44.5401611328125
Senegal,SEN,2009,72.49813842773438,54.61545944213867
Senegal,SEN,2011,73.72637176513672,58.743709564208984
Senegal,SEN,2013,62.82667922973633,51.153079986572266
Senegal,SEN,2017,75.57640838623047,63.502708435058594
Serbia,SRB,2003,99.39427185058594,99.31771850585938
Serbia,SRB,2011,99.34544372558594,99.26991271972656
Serbia,SRB,2016,99.7152328491211,99.72467803955078
Serbia,SRB,2019,99.99945831298828,99.99942016601562
Seychelles,SYC,1987,96.8068618774414,98.46446990966797
Seychelles,SYC,1994,98.49398040771484,99.138427734375
Seychelles,SYC,2002,98.77059936523438,99.37438201904297
Seychelles,SYC,2010,98.58672332763672,99.3830795288086
Seychelles,SYC,2018,98.55999755859375,99.5999984741211
Sierra Leone,SLE,2004,59.61425018310547,37.357521057128906
Sierra Leone,SLE,2013,64.53050231933594,50.85708999633789
Sierra Leone,SLE,2018,70.57611083984375,62.69921875
Singapore,SGP,1980,96.40878295898438,96.15953826904297
Singapore,SGP,1990,98.85511779785156,99.08435821533203
Singapore,SGP,2000,99.40998840332031,99.60450744628906
Singapore,SGP,2010,99.7378921508789,99.76667022705078
Singapore,SGP,2011,99.89364624023438,99.8805923461914
Singapore,SGP,2012,99.8968734741211,99.89295959472656
Singapore,SGP,2013,99.89627838134766,99.90100860595703
Singapore,SGP,2014,99.89716339111328,99.90389251708984
Singapore,SGP,2015,99.73515319824219,99.83811950683594
Singapore,SGP,2016,99.91319274902344,99.94051361083984
Singapore,SGP,2017,99.92115783691406,99.94013977050781
Singapore,SGP,2018,99.91741943359375,99.94236755371094
Singapore,SGP,2019,99.91378784179688,99.94290161132812
Slovenia,SVN,1991,99.73696899414062,99.77900695800781
Slovenia,SVN,2004,99.79000091552734,99.9000015258789
Slovenia,SVN,2014,99.79000091552734,99.9000015258789
Somalia,SOM,1972,15.880000114440918,10.460000038146973
South Africa,ZAF,1980,85.34619903564453,84.97325897216797
South Africa,ZAF,1996,93.4984130859375,94.28854370117188
South Africa,ZAF,2007,97.04518127441406,98.09210968017578
South Africa,ZAF,2009,97.91519927978516,98.81739807128906
South Africa,ZAF,2010,98.38871765136719,98.9013671875
South Africa,ZAF,2011,98.4306411743164,99.15213775634766
South Africa,ZAF,2012,98.49655151367188,99.27071380615234
South Africa,ZAF,2014,98.68171691894531,99.0843734741211
South Africa,ZAF,2015,98.6845932006836,99.22904205322266
South Africa,ZAF,2017,93.75608825683594,96.87589263916016
South Africa,ZAF,2019,97.98623657226562,98.8295669555664
South Asia,,1975,61.56016159057617,32.947818756103516
South Asia,,1976,61.52145004272461,32.92736053466797
South Asia,,1977,61.9091796875,34.00321960449219
South Asia,,1978,62.1887092590332,35.07099914550781
South Asia,,1979,62.37150955200195,36.131229400634766
South Asia,,1980,62.44430160522461,37.08673095703125
South Asia,,1981,62.41130065917969,37.841678619384766
South Asia,,1982,62.5530891418457,38.981239318847656
South Asia,,1983,62.668270111083984,40.04600143432617
South Asia,,1984,62.75653839111328,41.13042068481445
South Asia,,1985,62.896400451660156,42.22431182861328
South Asia,,1986,63.089988708496094,43.33089065551758
South Asia,,1987,63.36320877075195,44.381248474121094
South Asia,,1988,66.46452331542969,42.287681579589844
South Asia,,1989,67.37816619873047,43.972511291503906
South Asia,,1990,68.18860626220703,45.60615158081055
South Asia,,1991,68.92646789550781,46.892398834228516
South Asia,,1992,70.38941192626953,48.70425033569336
South Asia,,1993,71.82367706298828,50.22336959838867
South Asia,,1994,72.56542205810547,51.92652893066406
South Asia,,1995,73.30460357666016,53.58995819091797
South Asia,,1996,74.03489685058594,55.20663070678711
South Asia,,1997,74.71199798583984,56.623870849609375
South Asia,,1998,78.98577117919922,59.394248962402344
South Asia,,1999,79.64199829101562,61.291038513183594
South Asia,,2000,80.18354797363281,63.053829193115234
South Asia,,2001,80.63297271728516,64.52622985839844
South Asia,,2002,81.123779296875,66.34430694580078
South Asia,,2003,82.18123626708984,67.62767028808594
South Asia,,2004,82.60643005371094,69.25145721435547
South Asia,,2005,84.3589096069336,69.39512634277344
South Asia,,2006,85.23123931884766,71.62554931640625
South Asia,,2007,83.66822814941406,72.31242370605469
South Asia,,2008,86.49951934814453,74.96334075927734
South Asia,,2009,86.9986572265625,76.44506072998047
South Asia,,2010,86.70530700683594,77.26615142822266
South Asia,,2011,86.96640014648438,78.58155059814453
South Asia,,2012,87.58145904541016,79.80967712402344
South Asia,,2013,88.54595947265625,81.47154235839844
South Asia,,2014,88.98062133789062,82.71295166015625
South Asia,,2015,89.505126953125,84.15962219238281
South Asia,,2016,90.30413818359375,85.63958740234375
South Asia,,2017,90.7534408569336,86.31330871582031
South Asia,,2018,91.12013244628906,87.22992706298828
South Asia,,2019,91.61476135253906,88.12921905517578
South Asia,,2020,91.98078918457031,88.93807983398438
South Korea,KOR,2008,99.90808868408203,100
South Sudan,SSD,2008,44.07936096191406,29.577619552612305
South Sudan,SSD,2018,48.425140380859375,47.36920166015625
Spain,ESP,1981,98.64132690429688,98.642578125
Spain,ESP,1991,99.54004669189453,99.5696792602539
Spain,ESP,2004,99.58036804199219,99.53495788574219
Spain,ESP,2005,99.57169342041016,99.50209045410156
Spain,ESP,2006,99.70906066894531,99.47575378417969
Spain,ESP,2007,99.58000946044922,99.55811309814453
Spain,ESP,2008,99.52781677246094,99.60260772705078
Spain,ESP,2009,99.63874816894531,99.55731964111328
Spain,ESP,2010,99.50676727294922,99.68636322021484
Spain,ESP,2011,99.65464782714844,99.7459716796875
Spain,ESP,2012,99.64105224609375,99.70571899414062
Spain,ESP,2013,99.69463348388672,99.64289093017578
Spain,ESP,2014,99.75730895996094,99.68681335449219
Spain,ESP,2015,99.6187515258789,99.6941909790039
Spain,ESP,2016,99.6375732421875,99.6060562133789
Spain,ESP,2018,99.6884994506836,99.743896484375
Spain,ESP,2020,99.49478912353516,99.75504302978516
Sri Lanka,LKA,1981,91.87976837158203,90.19226837158203
Sri Lanka,LKA,2001,95.06529235839844,96.12110900878906
Sri Lanka,LKA,2006,97.0270767211914,97.939208984375
Sri Lanka,LKA,2008,97.33251190185547,98.58609771728516
Sri Lanka,LKA,2010,97.68653869628906,98.5889663696289
Sri Lanka,LKA,2016,98.4112319946289,98.94489288330078
Sri Lanka,LKA,2017,98.54505157470703,99.14777374267578
Sri Lanka,LKA,2018,98.50948333740234,99.04459381103516
Sri Lanka,LKA,2019,98.71961975097656,99.21246337890625
Sub-Saharan Africa,,1985,71.15454864501953,54.435890197753906
Sub-Saharan Africa,,1986,71.30766296386719,54.902740478515625
Sub-Saharan Africa,,1987,71.73422241210938,55.784358978271484
Sub-Saharan Africa,,1988,71.82347869873047,56.37963104248047
Sub-Saharan Africa,,1989,72.15641021728516,57.13391876220703
Sub-Saharan Africa,,1990,72.38706970214844,57.97145080566406
Sub-Saharan Africa,,1991,72.42012023925781,58.43846130371094
Sub-Saharan Africa,,1992,72.29821014404297,58.83654022216797
Sub-Saharan Africa,,1993,72.40766143798828,59.518348693847656
Sub-Saharan Africa,,1994,72.48249816894531,60.211769104003906
Sub-Saharan Africa,,1995,72.36383819580078,60.59141159057617
Sub-Saharan Africa,,1996,72.42159271240234,61.359031677246094
Sub-Saharan Africa,,1997,72.58457946777344,62.159061431884766
Sub-Saharan Africa,,1998,72.5755615234375,62.14495086669922
Sub-Saharan Africa,,1999,73.18950653076172,62.910648345947266
Sub-Saharan Africa,,2000,72.22695922851562,60.38496017456055
Sub-Saharan Africa,,2001,72.21855163574219,61.20793151855469
Sub-Saharan Africa,,2002,74.46367645263672,61.45664978027344
Sub-Saharan Africa,,2003,74.54683685302734,62.15602111816406
Sub-Saharan Africa,,2004,75.68701171875,63.54317855834961
Sub-Saharan Africa,,2005,74.3973617553711,62.53477096557617
Sub-Saharan Africa,,2006,74.6205062866211,63.56040954589844
Sub-Saharan Africa,,2007,73.683349609375,61.72420120239258
Sub-Saharan Africa,,2008,73.77474212646484,62.099369049072266
Sub-Saharan Africa,,2009,74.08338165283203,62.56515121459961
Sub-Saharan Africa,,2010,74.6557388305664,63.776329040527344
Sub-Saharan Africa,,2011,75.76701354980469,66.18502807617188
Sub-Saharan Africa,,2012,77.00261688232422,67.74442291259766
Sub-Saharan Africa,,2013,77.57373809814453,68.71321105957031
Sub-Saharan Africa,,2014,77.98385620117188,69.69535827636719
Sub-Saharan Africa,,2015,78.27951049804688,70.53929138183594
Sub-Saharan Africa,,2016,78.42919921875,71.425048828125
Sub-Saharan Africa,,2017,78.63575744628906,72.41683197021484
Sub-Saharan Africa,,2018,78.7750473022461,73.06697082519531
Sub-Saharan Africa,,2019,78.96280670166016,73.63633728027344
Sub-Saharan Africa,,2020,79.16864776611328,74.19184875488281
Sudan,SDN,2000,85.69496154785156,72.33138275146484
Sudan,SDN,2008,68.66786193847656,62.717159271240234
Sudan,SDN,2018,72.51000213623047,73.48999786376953
Suriname,SUR,2004,95.61588287353516,94.1390380859375
Suriname,SUR,2008,99.37586212158203,99.45977783203125
Suriname,SUR,2010,97.97273254394531,98.8021469116211
Suriname,SUR,2012,98.0857162475586,97.25965881347656
Suriname,SUR,2018,98.87544250488281,98.39996337890625
Syria,SYR,1981,88.83197784423828,59.01689147949219
Syria,SYR,2002,97.14407348632812,92.96354675292969
Syria,SYR,2004,94.60730743408203,90.21858215332031
Tajikistan,TJK,1989,99.7364501953125,99.67124938964844
Tajikistan,TJK,2000,99.84442901611328,99.84971618652344
Tajikistan,TJK,2014,99.86000061035156,99.9000015258789
Tanzania,TZA,1988,86.2043228149414,77.86617279052734
Tanzania,TZA,2002,80.91718292236328,76.20201873779297
Tanzania,TZA,2010,76.49114227294922,72.77100372314453
Tanzania,TZA,2012,87.17449951171875,84.8480224609375
Tanzania,TZA,2015,87.01309967041016,84.64080047607422
Thailand,THA,1980,97.5708236694336,96.17220306396484
Thailand,THA,2000,98.09989166259766,97.84793090820312
Thailand,THA,2005,98.21678924560547,97.8789291381836
Thailand,THA,2010,96.64254760742188,96.55204010009766
Thailand,THA,2013,97.97783660888672,98.6549072265625
Thailand,THA,2015,98.00287628173828,98.2929916381836
Thailand,THA,2018,97.69087982177734,98.59393310546875
Togo,TGO,2000,83.7862319946289,63.55485153198242
Togo,TGO,2006,84.8553237915039,67.92369842529297
Togo,TGO,2009,87.62799835205078,74.55535125732422
Togo,TGO,2011,86.91667938232422,72.70812225341797
Togo,TGO,2015,89.67247009277344,78.370849609375
Togo,TGO,2019,92.08283996582031,84.00565338134766
Tonga,TON,1976,99.84104919433594,99.7962875366211
Tonga,TON,1996,99.26522064208984,99.35449981689453
Tonga,TON,2006,99.30216217041016,99.55503845214844
Tonga,TON,2011,99.36656951904297,99.51042938232422
Tonga,TON,2018,99.34870910644531,99.53977966308594
Trinidad and Tobago,TTO,1980,99.19503784179688,99.24356079101562
Trinidad and Tobago,TTO,1990,99.30000305175781,99.30000305175781
Trinidad and Tobago,TTO,2000,99.44000244140625,99.4000015258789
Trinidad and Tobago,TTO,2010,99.55000305175781,99.5999984741211
Tunisia,TUN,1984,85.74456787109375,62.523231506347656
Tunisia,TUN,2004,96.39501190185547,92.2406997680664
Tunisia,TUN,2007,97.83991241455078,94.72457122802734
Tunisia,TUN,2008,98.13430786132812,95.49060821533203
Tunisia,TUN,2010,98.21085357666016,96.09355926513672
Tunisia,TUN,2011,98.236328125,96.31758880615234
Tunisia,TUN,2012,97.97061920166016,95.71758270263672
Tunisia,TUN,2014,96.6118392944336,95.80119323730469
Turkey,TUR,1975,90.7540512084961,68.25334930419922
Turkey,TUR,1980,93.62197875976562,75.23798370361328
Turkey,TUR,1985,95.68403625488281,85.96096801757812
Turkey,TUR,1990,96.57077026367188,88.38578796386719
Turkey,TUR,2004,98.0244369506836,93.2950210571289
Turkey,TUR,2005,98.36093139648438,93.96015930175781
Turkey,TUR,2006,98.36595916748047,94.11953735351562
Turkey,TUR,2007,98.58455657958984,94.28913879394531
Turkey,TUR,2009,99.01895904541016,96.5701904296875
Turkey,TUR,2010,99.21415710449219,97.19732666015625
Turkey,TUR,2011,99.44670104980469,97.9363021850586
Turkey,TUR,2012,99.59049987792969,98.41265106201172
Turkey,TUR,2013,99.68914031982422,98.74205780029297
Turkey,TUR,2014,99.74697875976562,98.95092010498047
Turkey,TUR,2015,99.80609893798828,99.16708374023438
Turkey,TUR,2016,99.85978698730469,99.37155151367188
Turkey,TUR,2017,99.90791320800781,99.58643341064453
Turkey,TUR,2019,99.96417236328125,99.8473129272461
Turkmenistan,TKM,1995,99.80790710449219,99.81292724609375
Turkmenistan,TKM,2014,99.7699966430664,99.9000015258789
Uganda,UGA,1991,77.223876953125,63.12382888793945
Uganda,UGA,2002,85.95758056640625,76.1791000366211
Uganda,UGA,2006,87.2658462524414,81.12964630126953
Uganda,UGA,2010,89.63519287109375,85.4714584350586
Uganda,UGA,2012,85.75978088378906,81.6541976928711
Uganda,UGA,2018,88.82689666748047,89.95063781738281
Ukraine,UKR,2001,99.77623748779297,99.83451843261719
Ukraine,UKR,2012,99.95706939697266,99.98271942138672
United Arab Emirates,ARE,1975,65.5117416381836,56.27696990966797
United Arab Emirates,ARE,1985,81.01383209228516,84.51428985595703
United Arab Emirates,ARE,2005,93.62515258789062,97.00173950195312
United Arab Emirates,ARE,2019,97.4899673461914,99.0870590209961
Upper middle income,,1976,91.83837890625,77.66819763183594
Upper middle income,,1977,91.89743041992188,77.95474243164062
Upper middle income,,1978,92.34046936035156,79.4902572631836
Upper middle income,,1979,92.78777313232422,80.99037170410156
Upper middle income,,1980,93.10478973388672,82.4551010131836
Upper middle income,,1981,93.39045715332031,83.73297119140625
Upper middle income,,1982,93.65589141845703,85.1008529663086
Upper middle income,,1983,93.85563659667969,85.81403350830078
Upper middle income,,1984,94.11685943603516,86.83927154541016
Upper middle income,,1985,94.3069076538086,87.6704330444336
Upper middle income,,1986,94.49156188964844,88.46099090576172
Upper middle income,,1987,95.10292053222656,89.64749145507812
Upper middle income,,1988,95.50670623779297,91.44671630859375
Upper middle income,,1989,95.57649993896484,91.77030944824219
Upper middle income,,1990,95.71298217773438,92.26801300048828
Upper middle income,,1991,95.91605377197266,92.7102279663086
Upper middle income,,1992,96.08941650390625,93.10987091064453
Upper middle income,,1993,96.26592254638672,93.499267578125
Upper middle income,,1994,96.44477844238281,93.88567352294922
Upper middle income,,1995,96.64119720458984,94.33622741699219
Upper middle income,,1996,96.72418975830078,94.67030334472656
Upper middle income,,1997,97.7264175415039,97.00169372558594
Upper middle income,,1998,97.78634643554688,97.15457916259766
Upper middle income,,1999,97.84264373779297,97.31382751464844
Upper middle income,,2000,97.93534851074219,97.39948272705078
Upper middle income,,2001,97.99900817871094,97.52845764160156
Upper middle income,,2002,98.11463928222656,97.68936157226562
Upper middle income,,2003,98.35282135009766,97.95793914794922
Upper middle income,,2004,98.43218231201172,98.10623168945312
Upper middle income,,2005,98.50425720214844,98.23314666748047
Upper middle income,,2006,98.39875793457031,98.06391143798828
Upper middle income,,2007,98.56034851074219,98.34574127197266
Upper middle income,,2008,98.8475570678711,98.69042205810547
Upper middle income,,2009,98.5409927368164,98.3929214477539
Upper middle income,,2010,98.49517822265625,98.40283966064453
Upper middle income,,2011,98.48245239257812,98.37248992919922
Upper middle income,,2012,98.96378326416016,98.87483978271484
Upper middle income,,2013,98.87506103515625,98.82998657226562
Upper middle income,,2014,99.1777572631836,99.12142944335938
Upper middle income,,2015,98.59813690185547,98.49749755859375
Upper middle income,,2016,99.23401641845703,99.21138763427734
Upper middle income,,2017,99.15760040283203,99.24653625488281
Upper middle income,,2018,98.5005874633789,98.46366119384766
Upper middle income,,2019,98.53437042236328,98.50060272216797
Upper middle income,,2020,98.57000732421875,98.53556060791016
Uruguay,URY,1975,97.74089050292969,98.83564758300781
Uruguay,URY,1985,98.26304626464844,98.99507904052734
Uruguay,URY,1996,98.15316772460938,99.01730346679688
Uruguay,URY,2006,98.3121109008789,99.11466217041016
Uruguay,URY,2007,98.48880004882812,99.01907348632812
Uruguay,URY,2008,98.62773895263672,99.32029724121094
Uruguay,URY,2009,98.50746154785156,99.22779846191406
Uruguay,URY,2010,98.35942840576172,99.22541046142578
Uruguay,URY,2011,98.6134033203125,99.12097930908203
Uruguay,URY,2012,98.6261215209961,99.29778289794922
Uruguay,URY,2013,98.56437683105469,99.31015014648438
Uruguay,URY,2014,98.30905151367188,99.39061737060547
Uruguay,URY,2015,98.6384506225586,99.22868347167969
Uruguay,URY,2016,98.87310028076172,99.44129943847656
Uruguay,URY,2017,98.56140899658203,99.3169937133789
Uruguay,URY,2018,98.60475158691406,99.1659927368164
Uruguay,URY,2019,98.73755645751953,99.32463073730469
Uzbekistan,UZB,2000,99.8533706665039,99.89447784423828
Uzbekistan,UZB,2013,99.99993133544922,99.99996185302734
Uzbekistan,UZB,2014,99.99996948242188,99.99996185302734
Uzbekistan,UZB,2015,99.99996185302734,99.99996185302734
Uzbekistan,UZB,2016,99.99993133544922,99.99993133544922
Uzbekistan,UZB,2018,99.99993133544922,99.99992370605469
Uzbekistan,UZB,2019,99.99992370605469,99.99992370605469
Vanuatu,VUT,1979,75.7441635131836,67.64405822753906
Vanuatu,VUT,1984,79.81999969482422,74.30000305175781
Vanuatu,VUT,1994,87.13999938964844,85.0999984741211
Vanuatu,VUT,2004,91.93000030517578,91.80000305175781
Vanuatu,VUT,2014,95.08999633789062,95.5999984741211
Vanuatu,VUT,2018,95.97657012939453,96.59661102294922
Venezuela,VEN,1981,92.32981872558594,93.88530731201172
Venezuela,VEN,1990,94.520751953125,96.35971069335938
Venezuela,VEN,2001,96.32621765136719,98.06629180908203
Venezuela,VEN,2007,97.97440338134766,98.83609771728516
Venezuela,VEN,2009,98.26985931396484,98.80499267578125
Venezuela,VEN,2011,96.88986206054688,98.23636627197266
Venezuela,VEN,2015,98.71199035644531,99.31739044189453
Venezuela,VEN,2016,98.44194030761719,99.09258270263672
Vietnam,VNM,1979,96.10887908935547,94.02294158935547
Vietnam,VNM,1989,94.08260345458984,93.4022216796875
Vietnam,VNM,1999,94.7601318359375,94.29808807373047
Vietnam,VNM,2000,95.58780670166016,94.0555191040039
Vietnam,VNM,2009,97.3952407836914,96.7811279296875
Vietnam,VNM,2019,98.7086181640625,98.53766632080078
World,OWID_WRL,1975,84.36112213134766,69.98290252685547
World,OWID_WRL,1976,84.35337829589844,70.03350067138672
World,OWID_WRL,1977,84.42149353027344,70.3147964477539
World,OWID_WRL,1978,84.64124298095703,71.14501190185547
World,OWID_WRL,1979,84.84024047851562,71.95635986328125
World,OWID_WRL,1980,84.96807861328125,72.74107360839844
World,OWID_WRL,1981,85.08653259277344,73.45825958251953
World,OWID_WRL,1982,85.23577880859375,74.30084991455078
World,OWID_WRL,1983,85.36119842529297,74.82054901123047
World,OWID_WRL,1984,85.5062484741211,75.53047943115234
World,OWID_WRL,1985,85.62505340576172,76.14579772949219
World,OWID_WRL,1986,85.7236328125,76.70865631103516
World,OWID_WRL,1987,86.12344360351562,77.52716827392578
World,OWID_WRL,1988,86.9578628540039,77.90178680419922
World,OWID_WRL,1989,87.1377182006836,78.34825134277344
World,OWID_WRL,1990,87.29180145263672,78.84146118164062
World,OWID_WRL,1991,87.42735290527344,79.1663589477539
World,OWID_WRL,1992,87.62605285644531,79.54582977294922
World,OWID_WRL,1993,87.86614990234375,79.794677734375
World,OWID_WRL,1994,87.9949722290039,80.22152709960938
World,OWID_WRL,1995,88.11807250976562,80.64411163330078
World,OWID_WRL,1996,88.2298583984375,81.06783294677734
World,OWID_WRL,1997,88.68724822998047,82.2602310180664
World,OWID_WRL,1998,89.61974334716797,82.77554321289062
World,OWID_WRL,1999,89.76360321044922,83.2454605102539
World,OWID_WRL,2000,89.75428009033203,83.28266143798828
World,OWID_WRL,2001,89.84800720214844,83.76416015625
World,OWID_WRL,2002,90.31732940673828,84.34622192382812
World,OWID_WRL,2003,90.77716827392578,84.87764739990234
World,OWID_WRL,2004,91.06005859375,85.51805877685547
World,OWID_WRL,2005,91.3618392944336,85.4545669555664
World,OWID_WRL,2006,91.54747772216797,86.09037017822266
World,OWID_WRL,2007,91.0701904296875,86.105712890625
World,OWID_WRL,2008,91.88304138183594,86.88346099853516
World,OWID_WRL,2009,91.86199951171875,87.05592346191406
World,OWID_WRL,2010,91.7273178100586,87.28591918945312
World,OWID_WRL,2011,91.76557159423828,87.71172332763672
World,OWID_WRL,2012,92.22332763671875,88.34899139404297
World,OWID_WRL,2013,92.43241119384766,88.7923583984375
World,OWID_WRL,2014,92.63751220703125,89.26065063476562
World,OWID_WRL,2015,92.5424575805664,89.4256820678711
World,OWID_WRL,2016,92.82878112792969,89.98650360107422
World,OWID_WRL,2017,92.91947937011719,90.26316833496094
World,OWID_WRL,2018,92.7411117553711,90.27436828613281
World,OWID_WRL,2019,92.84609985351562,90.53730010986328
World,OWID_WRL,2020,92.9203109741211,90.77642822265625
Yemen,YEM,1994,82.8042221069336,35.37773132324219
Yemen,YEM,2004,92.8499984741211,60.599998474121094
Zambia,ZMB,1990,67.26934814453125,65.52436828613281
Zambia,ZMB,1999,72.6156005859375,66.226806640625
Zambia,ZMB,2002,77.7251205444336,66.31098175048828
Zambia,ZMB,2007,70.30841064453125,58.4775505065918
Zambia,ZMB,2010,91.19563293457031,86.50945281982422
Zambia,ZMB,2018,92.55963897705078,91.62818908691406
Zimbabwe,ZWE,1982,93.82695770263672,84.81224060058594
Zimbabwe,ZWE,1992,96.54061889648438,94.35343933105469
Zimbabwe,ZWE,2011,89.59058380126953,92.12455749511719
Zimbabwe,ZWE,2014,87.59185791015625,93.18834686279297